price_earnings,price_book,price_sales,valuation_z__scaled,earnings_share,dividend_yield,ebitda,ebitda_log__scaled,profitability_ratio__scaled,market_cap,price,52w_range__scaled,price_to_52w_high__scaled,market_cap_log__scaled,dividend_flag__scaled
24.31,11.34,4.3902707,0.908281078,7.92,2.3328617,9048000000,1.102991288,-0.189243647,1.38721E+11,222.89,-0.22947849,0.269949883,1.477266757,0
27.76,6.35,3.5754826,0.502909407,1.7,1.1479592,601000000,-0.632341139,-0.336064277,10783419933,60.24,0.083848927,0.112032195,-0.541755201,0
22.51,3.19,3.7404804,0.076988291,0.26,1.9089824,5744000000,0.812209534,-0.328124058,1.02121E+11,56.27,-0.39525625,0.517179885,1.235164586,0
19.41,26.14,6.291571,2.228955629,3.29,2.4995599,10310000000,1.186548829,-0.31895004,1.81386E+11,108.48,-1.790809655,2.451492996,1.689221649,0
25.47,10.62,2.604117,0.685734742,5.44,1.7144699,5643228000,0.800882829,-0.314348688,98765855553,150.51,0.011209541,0.435615247,1.208760071,0
31.8,5.16,10.59512,1.315937722,1.28,0.43190324,2704000000,0.330062333,-0.401769052,52518668144,65.83,-1.457757696,1.981704269,0.709561495,0
18.22,3.55,1.7953473,-0.250215104,7.43,0.35118526,587800000,-0.646553079,0.258431853,6242377704,145.41,-0.587125996,-0.730898717,-0.973822078,0
52.31,11.06,13.092818,2.776702599,3.39,0,2538040000,0.28952841,-0.782997019,94550214268,185.16,-1.140270885,1.68410327,1.174282452,-1
19.54,2.51,1.1301061,-0.370083116,6.19,0.21832074,853941000,-0.407550641,0.427913536,8123611867,109.63,-1.887576058,0.7619264,-0.765621895,0
187,21.47,2.1091955,6.886500289,0.03,0,339000000,-0.998768426,-0.729670606,11191663795,12.8328,-0.64777634,0.042100079,-0.512384668,-1
9.96,2.2,0.65951383,-0.764906443,-1.72,4.961832,3001000000,0.396752835,5.509768666,6920851212,12.8328,-0.64777634,0.042100079,-0.892271279,0
18.11,3.79,0.9923546,-0.322695282,5.75,1.101989,4139000000,0.602499614,-0.11661776,59197016353,178,-0.707817109,1.161913137,0.804173396,0
12.24,2.89,4.591235,-0.192520577,12.07,0.6387395,1261400000,-0.157899549,0.670485308,10442174371,179.11,-0.14909139,-0.000450391,-0.567171791,0
12.24,1.53,1.5429344,-0.648845823,11.01,2.4299066,0,-13.56818948,-1.198261177,33422948000,83.25,0.356433464,0.02563457,0.352362676,0
27.45,4.56,6.493563,0.664122969,2.1,0.8756979,1094000000,-0.249015411,-0.428444846,21984606918,65.05,-0.380221872,0.478377985,0.021267159,0
24.22,3.35,4.1163683,0.188964227,13.66,2.7811136,2542500000,0.290651968,-0.062748981,34638387128,152.8,0.457397105,-0.245126056,0.380595326,0
32.55,3.25,5.8546524,0.648613752,1.79,0,789517000,-0.457748138,-0.078440466,10906904066,62.49,-0.494371063,0.796435157,-0.532755615,-1
9.66,2.21,0.9801092,-0.738222085,8.28,1.9928383,1665000000,0.019750118,2.060865282,7903173734,64.04,-0.948707813,-0.499768772,-0.787365943,0
26.03,2.98,5.3666205,0.356148951,5.66,1.2004126,686030000,-0.547659947,-0.297505482,11782151266,105.18,-0.641859625,-0.161001034,-0.471745394,0
19.03,2.07,10.492155,0.618289156,1.57,3.0262272,0,-13.56818948,-1.198261177,12043374429,114.58,0.714132968,-0.535968669,-0.454412969,0
22.18,2.82,9.720562,0.700544323,1.77,0,1072000000,-0.262015596,-0.564626293,26172439795,108.47,-0.477519025,-0.308871912,0.15908346,-1
56.59,16.44,13.138819,3.384712892,2.84,0,380326000,-0.925156786,-0.885103538,18788041378,220.71,-3.008721542,4.797067129,-0.102920829,-1
21.07,20.48,4.265232,1.572099528,2.37,0.8004002,531800000,-0.710623575,-0.115717172,7599609494,77.32,0.300369756,-0.18242041,-0.818323678,0
10.65,0.8304,4.820115,-0.396224282,23.6712,1.643289,-371216000,-13.56818948,-1.299598847,56668833898,164.2,-0.640450306,-0.723630371,0.76967534,0
13.02,8.28,1.7282298,-0.023093023,14.13,0.9240122,2143200000,0.181319336,1.233787362,13632608582,240.6,0.363356816,-0.213642095,-0.356443882,0
19.86,2.13,3.4331481,-0.135589172,1.65,3.5733333,1168400000,-0.206910713,0.886482974,8670163500,37.14,0.818709889,-0.795445989,-0.71415725,0
13.26,1.67,1.2085556,-0.640456534,4.68,1.5278208,0,-13.56818948,-1.198261177,34759468905,90.06,0.259885829,-0.183424519,0.3833534,0
31.48,4.7,6.801692,0.843308664,22.27,0,34156880000,1.953102782,-0.17807765,5.17951E+11,597.3352,-0.372248043,0.435667141,2.518541382,-1
40.29,4.67,6.772653,1.127905693,22.27,0,32714000000,1.925482318,-0.221172992,5.17951E+11,597.3352,-0.372248043,0.435667141,2.518541382,-1
18.89,10.32,4.945682,0.703940043,5.31,3.9526875,10773000000,1.214660638,0.114157472,1.26985E+11,64.05,0.524875936,-0.554762558,1.407399748,0
200.0692,24.28,3.927053,7.761019766,6.16,0,16132000000,1.473044684,-0.716437291,5.17951E+11,597.3352,-0.372248043,0.435667141,2.518541382,-1
20.38,1.79,2.693119,-0.230073564,2.68,3.4404964,2298000000,0.225948317,1.55631921,12905744906,52.59,0.737249379,-0.767335777,-0.399751106,0
9.92,6.03,0.58022565,-0.44630251,3.91,0.7782101,5761000000,0.814100714,2.425354741,24594852352,48.6,-0.322971688,0.145412021,0.109944947,0
17.32,1.81,2.7489934,-0.323000162,1.24,3.8479443,4450800000,0.648978348,0.973645021,31701916517,63.38,0.773199662,-0.783801124,0.310578116,0
15,3.75,2.273575,-0.285914155,2.9,1.4955667,0,-13.56818948,-1.198261177,80410990000,88.34,0.257951202,-0.137526752,1.04625454,0
23.22,0.8304,1.4686536,-0.355234738,-0.76,2.1167521,0,-13.56818948,-1.198261177,54360073164,58.28,1.218421009,-0.798334843,0.736799399,0
20.68,9.22,11.954137,1.449280392,1.97,2,3792383000,0.546530552,-0.207481517,59213892640,133.57,-0.307551285,0.360151284,0.804398694,0
26.23,2.55,5.553833,0.346687618,2.63,2.129297,1711000000,0.037190366,0.705146087,13906146184,76.06,0.578748438,-0.592654612,-0.34074171,0
12.41,3.73,1.9493247,-0.409128139,9.44,2.0735743,0,-13.56818948,-1.198261177,23472126000,152.5,-0.460311613,0.323379226,0.073014989,0
15.54,9.73,0.408193438,0.037383326,1.64,1.6132456,991884000,-0.311723178,-0.452943417,20587704101,91.55,-0.221458067,0.282945689,-0.030620923,0
27.61,4.54,4.015368,0.391604264,2.94,0.75512403,1025763000,-0.2902302,-0.272426305,17139651923,72.05,-0.402666649,0.815378013,-0.175499369,0
13.76,3.91,5.58192,0.055501741,2.57,2.9751508,11945000000,1.280747271,0.243895717,1.28133E+11,173.12,0.404604454,-0.268329494,1.414514601,0
25.9,6.64,3.85675,0.497824048,2.05,0.8608971,1671700000,0.022320091,-0.238855894,26955335395,84.44,0.107876616,0.210269266,0.18237973,0
-21.29,2.88,3.9682212,-1.368045219,-5.9,1.7029973,3115000000,0.420612155,0.301589783,32129091747,56.2,-1.053269512,0.824312117,0.321157334,0
17.67,3.13,8.00391,0.387250418,2.11,2.108963,1663384000,0.019128708,-0.389359383,31811578855,82.68,0.425397564,-0.391077639,0.3133075,0
18.78,1.7,0.6618165,-0.516831596,6.13,2.3454583,2548000000,0.292034811,1.312968836,15696449735,96.9,-0.689254281,0.351319389,-0.245022319,0
42.53,5.79,16.18455464,2.346386454,2.99,0,458515000,-0.805510587,-0.659097215,13155919129,148.84,-1.034868455,1.508743809,-0.384576184,-1
19.23,2.28,0.6696521,-0.451339781,14.36,1.2581781,0,-13.56818948,-1.198261177,61221978627,230.57,-0.940254311,1.084488815,0.830758331,0
20.8,6.78,3.4972682,0.301681088,4.66,1.0245464,1858000000,0.089936051,-0.379907416,35123123422,136.05,0.285928572,-0.008477093,0.39157955,0
-53.6096,2.22,3.651366,-2.525358298,-3.72,2.528445,3265000000,0.450709003,2.154214428,15066280977,37.73,-0.361952989,-0.872285649,-0.277408927,0
15.6,4.69,6.187621,0.250583452,1.95,3.876562,874871000,-0.392054875,0.999960787,6156884142,38.21,0.978997618,-0.895564448,-0.984721844,0
16.86,5.66,3.4586093,0.071361464,9.2,1.5795412,34156880000,1.953102782,-0.17807765,5.17951E+11,155.15,0.183438491,-0.083207295,2.518541382,0
14.08,5.44,4.7020154,0.099357262,3.17,0.8215239,4336000000,0.632255654,0.109384852,51296481503,45.75,-1.076462665,0.485171249,0.690950501,0
69.74,7.56,1.5025798,1.759647921,5.05,0.9392678,2370000000,0.245691014,0.273792405,24906530300,89.27,1.191443692,-0.519749494,0.11989825,0
17.45,1.29,0.52478915,-0.611131119,2.17,3.1761081,2927000000,0.380775054,0.720829365,23594770663,41.35,0.855429713,-0.537684965,0.077134131,0
20.21,3.4,0.94214815,-0.292541735,-0.21,0.9561753,1517000000,-0.039822322,0.737506491,12123300000,24.45,-0.053333822,-0.324740244,-0.449184878,0
21.05,2.92,1.9400215,-0.194889054,2.54,2.4807138,888000000,-0.382522754,-0.050471883,11968488290,64.4,0.436236894,-0.011817454,-0.459343001,0
33.27,1.12,0.9821866,-0.053288112,9.08,2.5313594,0,-13.56818948,-1.198261177,4653993594,85.16,0.773297678,-0.864071,-1.2059093,0
12.14,1.8,1.4083152,-0.643963055,4.76,5.4156513,34156880000,1.953102782,1.132456962,2.26713E+11,35.57,0.452956225,-0.451222541,1.865524053,0
-53.6096,205.042,16.18455464,16.28047731,-2.61,0,-371216000,-13.56818948,-1.434117023,24348294504,104.81,-0.638528566,0.31866772,0.101981459,-1
29.34,12.86,4.0483294,1.16646586,3.85,2.2190912,2767400000,0.344893681,-0.347775406,50337702249,108.25,0.454851215,-0.285581471,0.676037521,0
16.31,136.23,1.8510429,11.08186969,23.6712,0,2347304000,0.239533163,0.624477627,19922021415,597.3352,-0.372248043,0.435667141,-0.056599765,-1
17.97,2.12,10.251216,0.560798739,6.36,3.7149355,1331579000,-0.123251034,-0.255777406,21856547430,154.94,0.60741638,-0.856459376,0.016649693,0
22.11,8.83,1.5206499,0.30062932,3.11,1.5682175,831200000,-0.424823732,0.074261997,10104814319,110.77,-0.552378426,0.845452186,-0.593128954,0
200.0692,2.25,1.9390045,5.64856005,-0.31,2.4991322,285000000,-1.109805297,-1.06463983,32995712852,27.5,-1.724571797,-0.905466493,0.342194207,0
20.56,3.62,1.5696399,-0.19221655,0.85,1.0170354,1317000000,-0.130296173,0.281573658,13767688518,38.44,0.933032817,-0.504114831,-0.348650754,0
16.34,1.24,3.2011874,-0.353855926,1.55,1.536,0,-13.56818948,-1.198261177,3.21478E+11,29.74,-0.229603091,0.584860876,2.141563557,0
25.12,3.77,3.4394414,0.179271672,1.29,0.97635394,1832000000,0.080917753,-0.404703074,35713732553,62.56,-0.325099767,0.388595023,0.4047598,0
16.26,1.55,3.4552107,-0.301584828,2.74,2.4526198,0,-13.56818948,-1.198261177,42087562920,51.07,0.240637754,0.149424718,0.534555659,0
22.28,3.98,5.6912947,0.354542664,4.65,1.3518385,1537000000,-0.031440517,-0.731217244,50910180308,211.44,0.019452695,-0.000151072,0.684975724,0
30.43,1.58,1.4328232,-0.057217201,9.76,0,0,-13.56818948,-1.198261177,2.61401E+11,191.42,0.27360583,-0.05801587,1.978052459,-1
19.22,4.79,0.76715523,-0.225356738,3.81,1.9085041,2555000000,0.293790482,0.699167269,20831186176,68.79,-1.372999839,1.818388059,-0.02132813,0
14.3,5.51,5.737439,0.227966137,11.94,0,6511400000,0.892457358,0.258278002,69157726427,311.79,-0.358186154,0.295419125,0.927094143,-1
22.49,2.95,6.9158196,0.409467592,23.6712,2.1643558,5684000000,0.805489749,-0.174708549,85907759858,509.38,-0.674587801,0.733935538,1.098517892,0
12.29,205.042,2.0188456,16.8746595,1.92,3.7296038,894754000,-0.377673867,1.373876102,5381433872,25.19,-0.633461267,0.265544334,-1.091121277,0
27.29,182.86,2.1560605,15.48036166,13.47,1.9648397,12476000000,1.308580906,-0.259610506,2.05617E+11,329.66,-1.981584426,3.295139339,1.788327297,0
14.15,2.89,1.5831376,-0.464668911,0.55,1.2363636,867900000,-0.397174374,-0.040429076,11596117445,51.94,-0.471524786,0.731519925,-0.484324838,0
18.05,3.15,6.839459,0.271770954,2.93,2.7744062,1546846000,-0.027354135,0.146107992,17799878487,112.09,0.736478421,-0.820567191,-0.145624889,0
20,4.78,4.055685,0.1658454,0.07,0,1726000000,0.042776159,-0.459488147,36142506007,25.2,0.577694305,-0.495028357,0.414192615,-1
22.63,0.8304,1.4188358,-0.380232924,-6.8744,0,0,-13.56818948,-1.198261177,7066613254,55.44,-0.010847453,-0.621245805,-0.875797475,-1
20.83,6.75,6.503231,0.634965422,2.65,2.5546863,5170000000,0.744834464,-0.418022216,1.02507E+11,62.69,0.540122144,0.091932187,1.238142335,0
15.94,4.4,6.961893,0.32315381,4.01,2.9488583,7016000000,0.940221816,-0.028579558,92791974933,229.57,0.035364526,-0.287388596,1.159446075,0
37.04,12.36,1.8411398,1.131479693,1.7,1.1216964,1139000000,-0.223219375,2.006567702,5498033502,63.33,-0.433032771,0.775779069,-1.074178722,0
26,9.31,0.85282737,0.395661651,3.57,1.987685,868096000,-0.397029871,-0.159838145,12932483889,90.47,-0.564641539,0.907036693,-0.398115213,0
14.32,2.44,3.3742425,-0.298158917,1.85,3,1613000000,-0.000554799,0.562039456,14175422936,32.66,1.008295451,-0.533386586,-0.325582956,0
60.55,4.21,8.636729,1.963920218,-0.92,1.0269576,404951000,-0.885008578,-0.618682194,10808821635,23.01,0.149342548,-0.522585918,-0.539895522,0
34.09,10.98,5.751737,1.35143158,0.74,0,455607000,-0.809582159,-0.5510797,10890625200,36.82,-0.582804696,0.266357252,-0.533936179,-1
14.84,7.91,2.3898203,0.078843191,2.89,3.125,1683000000,0.026631277,0.735022228,13467193376,44.83,-0.21614646,-0.704216278,-0.366092996,0
11.85,0.94,1.5931405,-0.706752239,3.45,1.6306564,0,-13.56818948,-1.198261177,47637260000,91.8,0.073637428,0.013724287,0.632455986,0
12.29,3.03,0.408193438,-0.644854818,4.04,2.8394227,1913000000,0.108604461,0.245821221,20493281175,66.63,-0.478036687,0.062079663,-0.034254297,0
19.44,3.55,0.6913859,-0.332983421,3.97,0,1339628000,-0.119394421,0.553929893,11827453706,64.34,-0.043056548,-0.075684347,-0.468712158,-1
17.48,2,2.8147783,-0.294088439,3.58,2.6041667,4711000000,0.685337494,0.283617654,49180044050,66.76,0.38056966,0.063586954,0.657647927,0
21.22,5.75,2.0468428,0.065533266,1.26,2.0215108,8136000000,1.035000634,0.172470544,91822049046,145.99,-1.441821099,1.676766127,1.151140865,0
35.06,5.15,8.249042,1.16118189,2.27,0.9426963,488406000,-0.765095698,-0.616984251,12998295607,111.15,-1.185966689,0.99432343,-0.394103209,0
15.82,3.74,1.4622321,-0.35012787,1.69,0,1652961000,0.015106126,0.572524989,14440591731,41.92,-0.406939163,0.707105676,-0.310934278,-1
12.05,6.91,2.1055017,-0.130635153,2.81,1.3473054,2841000000,0.361690775,0.952844276,20431395736,51.8,0.376283196,-0.901810885,-0.036644728,0
13.27,7.49,5.830071,0.374290348,3.58,0,5233000000,0.752585462,-0.117735197,74921079154,91.02,-0.580830914,-0.908723781,0.990361489,-1
19.12,2.58,0.5028663,-0.447794966,3.23,0,2063000000,0.156912725,0.573535447,18012494506,100.36,-0.993483666,1.381016003,-0.13623975,-1
19.73,3.21,1.6262617,-0.248461476,1,4.2109256,2337000000,0.236717817,1.983669955,11362043297,25.85,1.046764804,-0.774359184,-0.500442577,0
8.35,1.39,1.4795984,-0.796146197,1.16,6.323142972,5577000000,0.793328161,3.532500409,18237196861,16.2,-1.794289766,0.110556463,-0.126440754,0
27.09,4.62,5.5560412,0.552964488,1.84,0,1523440000,-0.037111379,-0.081407026,21101697598,61.22,-0.084081975,-0.038483074,-0.011130257,-1
-53.6096,2.81,3.0044448,-2.546782899,-1.2,3.0395136,711000000,-0.524781347,-0.003886466,9209106695,37.46,-1.065129975,1.188720231,-0.666492479,0
29.82,4.51,7.949615,0.900161508,1.61,0.76878726,0,-13.56818948,-1.198261177,69750188843,48.9,-0.347001604,0.456344051,0.933836459,0
162.92,2.27,2.1208634,4.445974048,23.6712,0,14694000000,1.413296127,1.423330029,86708878113,348.65,0.388502622,-0.296273108,1.105854407,-1
4.7,1.84,0.408193438,-0.997192582,-6.44,0,1470000000,-0.059962758,4.177333016,4230379821,12.8328,-0.64777634,0.042100079,-1.28133953,-1
27.52,1.71,1.6489863,-0.11790074,4.85,3.885853,28877000000,1.845644673,0.841777797,2.18979E+11,112.3,0.481984127,-0.441887693,1.838088683,0
45.86,6.11,2.5523853,0.964970065,0.8,0,401293000,-0.890815562,-0.390486623,7685283970,266.01,-1.397909965,-0.782018424,-0.809463013,-1
17.5,1.35,2.0985637,-0.429010962,8.2,1.9251627,0,-13.56818948,-1.198261177,68424670566,140.39,0.957930516,-0.50924976,0.918671448,0
24.42,6.28,3.1682448,0.341436081,2.92,1.8366054,868000000,-0.397100644,-0.064048366,11838963451,47.38,0.730169204,-0.43607235,-0.467943371,0
18.11,3.39,1.550762,-0.294822291,7.2,0.020466639,0,-13.56818948,-1.198261177,47680910480,189.27,-0.628185086,0.527979527,0.633179898,0
26.37,4.28,7.556446,0.722895603,-4.64,0.30214334,1061056000,-0.268582309,0.42869238,10089082025,100.19,-0.37929164,-0.342282007,-0.594360484,0
27.48,1.6,2.756679,-0.005262051,3.55,2.918904,0,-13.56818948,-1.198261177,11916533018,70.34,1.004524214,-0.703406824,-0.462781567,0
32.75,6.53,2.7614057,0.592157313,4.38,1.0344827,1097295000,-0.247090878,-0.180335155,16676145923,149.32,-0.277069216,0.441339627,-0.197168208,0
17.87,3.07,5.484418,0.108016198,1.91,2.8755577,15447000000,1.445277572,0,1.99426E+11,38.77,0.012979805,0.298046576,1.764160761,0
13.48,0.9,2.1857586,-0.590436554,-3.1,1.7068943,0,-13.56818948,-1.198261177,1.92709E+11,71.87,-0.071302622,0.310992639,1.737082732,0
16.04,1.08,3.3917346,-0.35625148,3.27,1.9625335,0,-13.56818948,-1.198261177,22008050974,42.19,-0.40439378,0.549922568,0.022109573,0
20.37,6.73,4.7538714,0.423203225,-0.24,0,810268000,-0.441145689,-0.248595699,13199167493,84.53,0.528866885,-0.207680864,-0.381982134,-1
32.15,2.51,14.881806,1.577552886,11.94,3.6828613,2851800000,0.364118887,-0.387631114,54423298745,153.04,-0.002540562,0.525344049,0.737718162,0
21.42,2.65,2.4711676,-0.146697791,1.99,3.3918407,2099000000,0.167983593,1.536411365,11873960824,41.77,0.809961174,-0.759246149,-0.465610325,0
22.8,8.65,6.822138,0.898520249,1.49,3.3213644,8589000000,1.069675013,-0.498405808,1.89855E+11,43.1,0.964543388,-0.537339075,1.725289718,0
22.44,3.94,3.9678397,0.164386834,2.54,1.0454783,2946000000,0.384915675,-0.188182518,45119684067,75.16,-0.110221488,0.686553991,0.58954035,0
24.02,205.042,4.000737,17.48210648,2.28,2.2801766,4064000000,0.590797319,-0.177922932,61616643498,68.95,1.146700924,-0.663452452,0.835837209,0
18.54,2.65,2.1797748,-0.274094015,4.74,1.8929017,28675000000,1.841152432,1.18058666,1.86477E+11,38.19,0.674513712,-0.429811464,1.711098618,0
18.89,1.96,4.905472,-0.018135938,4.13,1.2823253,0,-13.56818948,-1.198261177,16274969256,89.18,-0.41270601,0.768027074,-0.216415061,0
18.2,3.86,1.8294994,-0.220460316,1.46,2.3683476,1281200000,-0.147932507,0.180074726,14379717835,35.49,0.526112567,-0.407442973,-0.314273197,0
84.39,2.61,12.271951,3.017398846,-6.8744,0,2151190000,0.183700647,0.312907126,22021882339,140.09,-0.390080317,0.44265152,0.022606153,-1
72.93,2.16,2.0764177,1.465208488,-0.65,2.049254,5328000000,0.764098784,0.060454719,65482462410,53.24,-0.121292835,0.22753156,0.883932849,0
18.64,1.58,2.960244,-0.275697265,4.1,3.8001595,4288000000,0.625131926,1.644373186,23335777662,74.73,0.825928253,-0.710971822,0.068410254,0
30.92,5.14,5.145596,0.678124866,8.71,0.9712818,3033300000,0.403603775,-0.072893755,41697453163,208.73,-0.333384379,0.688988732,0.527195346,0
16.45,1.71,2.544682,-0.383022687,-0.78,2.0791416,2970000000,0.390107928,0.585395348,25759280346,28.45,0.352856657,-0.497759596,0.146506756,0
30.69,7.24,0.61203885,0.345753045,6.09,1.0917627,5679000000,0.804926568,-0.106093384,80439804508,178.61,0.359761739,-0.052842263,1.046537719,0
24.64,1.37,2.0061796,-0.202227664,-0.63,2.860412,211400000,-1.300979618,-0.948637768,13101112504,19.96,-0.253617412,0.805111494,-0.38787578,0
21.45,3.54,10.125291,0.783371301,1.02,3.862069,2292600000,0.224442769,-0.395546207,44183023189,103.81,0.404294536,-0.038827631,0.572959515,0
15.12,11.37,1.3324839,0.267279127,1.83,1.275917,543000000,-0.697286012,0.437764316,5134501276,30.85,0.830648307,-0.313127681,-1.128247698,0
21.94,4.27,4.216355,0.203916459,6.07,1.5102888,5003000000,0.723822007,0.43661949,47340511707,50.47,0.406016237,-0.37537658,0.62751697,0
16.83,3.89,1.9406168,-0.250666292,8.23,2.5008683,2924000000,0.380118816,0.379531117,28669230787,165.73,0.283086484,-0.209306146,0.231102042,0
12.36,2.13,0.549852,-0.704019535,4.91,2.6899798,11704000000,1.267703905,1.205517012,75323141722,70.55,0.679367322,-0.577625862,0.994591774,0
16.32,2.17,1.1931022,-0.498391763,2.73,1.0801469,1691000000,0.02966598,0.305956576,17390873686,44.55,-1.210643857,1.273172287,-0.1639984,0
22.87,2.65,3.688278,0.036687714,3.53,0.5879265,4339800000,0.632816243,-0.186426023,66351150000,92.16,0.382865905,-0.149263531,0.894349221,0
22.72,5.89,1.5278828,0.069182233,3.81,2.6503997,997600000,-0.308045927,0.115661808,11745595320,91.33,0.090377765,0.284911673,-0.47420152,0
20.55,2.79,1.1451397,-0.311081022,4.3,0,2252294000,0.213091936,1.347766571,13685178000,71.91,-0.425848817,0.674022338,-0.35340187,-1
23.14,5.31,2.3746448,0.127572495,6.64,1.4866204,4053300000,0.589110211,0.003278206,52186628646,153.66,-0.661820477,0.960298889,0.704548523,0
10.37,2.67,0.91792434,-0.682260653,4.94,2.2655525,8348000000,1.051462065,2.165398645,38393603535,51.23,0.125512735,-0.139737383,0.461949105,0
22.65,1.8,4.626262,0.060967788,1.99,0.60034305,-371216000,-13.56818948,-1.627123565,13390513478,56.85,0.447468187,-0.494514798,-0.370606216,0
23.93,2.85,2.0660408,-0.091924366,-6.8744,0.6528836,3723000000,0.534714166,1.783228544,19317380000,34.94,-0.749924331,0.039416509,-0.080960064,0
16.55,2.32,12.434961,0.774431916,2.19,3.5710857,1260662000,-0.158274066,-0.286976513,21400952517,98.96,0.707379935,-0.914692732,0,0
12.13,2.52,2.3610325,-0.47635542,5.41,1.8269607,0,-13.56818948,-1.198261177,27433540000,72.4,-0.022870016,0.225332552,0.196278859,0
11,1.5,1.804088,-0.663202431,1.96,0,2100000000,0.168288399,2.508695276,8763756733,22.87,-1.385785968,0.921362279,-0.705670795,-1
10.37,1.43,1.7147918,-0.69992571,1.96,0,2100000000,0.168288399,2.706287032,8320262123,21.58,-1.502916438,0.95941975,-0.746716585,-1
16.09,3.76,1.8521843,-0.296069536,3.06,0,2754331000,0.341864409,0.827597811,21032719056,43.77,-0.518721603,-0.705060115,-0.013718173,-1
21.18,4.53,1.5283886,-0.098263171,4.43,1.0625255,2457604000,0.268918936,0.232064369,26580644874,95.1,-0.639729773,0.967301418,0.171315868,0
26.66,4.08,1.6097589,0.05281422,3.77,0,2430300000,0.26176939,0.2965616,25151198417,101.58,-1.118053581,1.39923672,0.127624743,-1
20.42,2.96,3.7954214,-0.005527063,4.91,4.5281997,6428000000,0.884207845,0.893309598,47543571860,73.31,1.058616489,-0.730851469,0.630899991,0
23.87,3.59,1.986176,-0.039279966,5.15,1.8815053,1513291000,-0.041388868,0.305628267,15566645713,96.2,-0.09720219,0.285821904,-0.251585757,0
49.43,1.54,2.6922395,0.705954643,1.59,2.1529746,5250000000,0.754661016,-0.706641728,1.65203E+11,68.21,0.98908543,-0.561706507,1.61535762,0
26.57,9.99,4.2149186,0.847363848,4.54,1.9661016,1507000000,-0.044054756,-0.099089542,21209783858,116.93,-0.374199607,0.818193932,-0.007092074,0
19.12,1.95,1.9091922,-0.34520457,4.82,3.5559585,2790000000,0.350098547,1.22542152,17808073691,98.49,0.963131532,-0.747274766,-0.14526107,0
16.7,1.27,2.9348857,-0.369080578,3.12,4.7849464,9895000000,1.160257006,1.741069559,52078185682,74.32,0.705906071,-0.751049809,0.702904392,0
19.77,1.94,16.077257,1.25371528,0.88,3.1533308,529483000,-0.713417829,-0.291697601,9035293365,24.52,0.910944034,-0.863101593,-0.681552977,0
79.93,2.26,1.9598055,1.691544808,-0.89,0.7493755,1628000000,0.005368801,-0.279387696,27408621020,91.92,-0.366188706,0.621553664,0.195560588,0
22.14,2.15,5.689136,0.192605779,2.15,0,0,-13.56818948,-1.198261177,13754977266,48.48,-1.013648722,1.218204042,-0.349380835,-1
12.28,2.78,1.4904785,-0.546074858,10.12,2.2630835,2152000000,0.183941563,1.141775171,14226830813,93.57,0.202004629,0.110356341,-0.322721743,0
17.08,2.17,1.8161736,-0.403928158,6.68,2.9404557,4253000000,0.619887087,0.631282587,35961772000,79.41,0.536827425,-0.245298613,0.410230268,0
24.86,3.8,4.6720185,0.310587973,-1.07,0,2941000000,0.383828633,-0.169304153,44216696399,41.02,-0.205120199,0.335819038,0.573561668,-1
28.08,5.28,3.7360687,0.439501821,4.14,1.2319711,2848600000,0.363400406,-0.052464341,38460272282,127.76,1.153374815,-0.55144383,0.463320395,0
13.23,1.59,2.161095,-0.542197506,3.96,4.0542803,4284000000,0.624534687,2.209509559,19447670886,58.07,0,-0.876323475,-0.075646963,0
32.57,8.48,7.8283277,1.318071573,2.88,0,1156700000,-0.213351194,-0.546313449,27447099863,123.78,-0.476711859,0.748102633,0.196669438,-1
34.48,8.54,7.4415817,1.343097478,3.07,0,1560000000,-0.021935236,-0.561339699,37890226992,116.54,-0.663985097,0.936477745,0.45151778,-1
25.74,5.01,3.6707752,0.331917779,2.35,2.813225,2542000000,0.290526107,-0.305338616,44040298425,66.4,0.454766664,-0.138663178,0.570402172,0
10.65,1.54,1.5543115,-0.699131753,-3.26,4.892126,880700000,-0.387805279,-0.159572347,13116894887,72.02,0.684311554,-0.688966557,-0.386924199,0
10.91,0.8304,1.227099,-0.787923304,-0.48,0,827200000,-0.42791077,1.826699038,4230379821,35.34,-2.982813168,1.151065852,-1.28133953,-1
200.0692,4.55,8.02302,6.523756971,-1.98,0.63339007,3692749000,0.52949312,-0.264271237,61164030149,101.04,-0.123792547,0.116396359,0.830009846,0
53.16,2.15,6.4987307,1.305319539,-2.69,0.2518363,1518305000,-0.039272049,0.660145209,12638828950,46.25,-0.078699068,-0.904504416,-0.41626937,0
19.03,4.59,5.6338058,0.293367892,4.04,1.3265306,1141200000,-0.221984508,0.051924508,14121334618,114,-0.689755982,0.215097082,-0.328604577,0
23.06,5.14,10.639136,1.031024751,1.77,1.8775817,1687152000,0.028208084,-0.41526848,33333813618,409.98,0.203595618,-0.288239185,0.350251993,0
17.6,2.09,8.593619,0.36136742,1.63,3.5437918,1710686000,0.037072914,0.066425057,20925508143,55.26,0.716784934,-0.887318946,-0.017757374,0
18.66,2.3,14.1830845,1.037012466,6.27,3.2138102,1237886000,-0.169941414,0.133124294,14383525286,218.28,0.691286138,-0.747805692,-0.314063945,0
37.78,10.82,3.9522583,1.25886676,3.35,1.1283498,2478000000,0.274207985,-0.424503117,49543264457,131.46,-0.91210221,1.649306587,0.663463938,0
27.24,1.16,2.0991988,-0.124186162,23.6712,2.1078234,0,-13.56818948,-1.198261177,10131892523,241.06,0.382689686,-0.200422319,-0.591013747,0
18.22,1.68,3.1134193,-0.263894135,2.96,3.3397784,2738713000,0.338225393,1.151892725,18027633617,56.11,1.020802818,-0.76151786,-0.135575722,0
14.51,1.26,1.3933871,-0.613854857,1.23,3.8174274,8548000000,1.066612907,2.608783758,34734816899,35.98,0.595466184,-0.501246745,0.382792641,0
30.99,4.14,2.5074897,0.300704842,1.81,0.92785895,1481458000,-0.054994035,-0.036216143,19722178609,123.03,0.102098637,-0.565289039,-0.064568424,0
25.26,5.55,2.190319,0.197521381,2.36,1.3520038,721643000,-0.515273012,-0.18711217,11040678071,60.36,0.508242806,-0.171073667,-0.523120361,0
10.72,2.65,0.57588416,-0.710544208,5.39,0,7309300000,0.96643015,1.46546827,42449656350,73.35,-0.285935863,0.45058925,0.541326585,-1
18.12,4.54,12.204818,0.991103892,2.92,3.879632,717468000,-0.518986088,-0.102970148,10133547517,77.56,0.793327831,-0.47396643,-0.590884651,0
21.37,1.85,1.7701944,-0.295105361,1.88,4.0031195,34156880000,1.953102782,0.421873429,3.26149E+11,76.07,1.15579039,-0.82749576,2.152963822,0
21.21,6.86,4.1203604,0.391476789,6.51,0,629940000,-0.602244912,-0.083791357,8744185796,137.25,0.488053385,-0.026011049,-0.707437848,-1
27.9,7.08,13.241967,1.647051786,5.39,0,23624000000,1.717155723,-0.492669342,5.17951E+11,171.58,-0.209748689,0.373371816,2.518541382,-1
27.02,7.39,3.472977,0.556367565,2.01,2.7798648,1009600000,-0.300394082,-0.178205921,15311373377,52.15,-0.129787132,0.434787448,-0.264654594,0
18.35,3.98,12.898601,1.027905675,3.5,3.5925992,540767000,-0.699923095,-0.162573551,8077368506,108.11,0.460047191,-0.888974489,-0.770134029,0
19.45,3.9,1.0751684,-0.259856698,11.07,0.7963368,8062000000,1.029153491,0.655450661,67280478816,239.27,-0.305650838,0.425197008,0.905342819,0
22.08,3.25,4.7038417,0.175284726,1.72,1.322724,2782000000,0.348260953,0.133815963,32308459680,92.74,0.348058824,-0.036948561,0.325557607,0
16.9,1.46,2.8802848,-0.35226155,2.85,1.9789734,0,-13.56818948,-1.198261177,22437653700,31.1,-0.161776164,0.556337219,0.037389577,0
11.18,2.19,1.2994481,-0.654259505,-6.8744,4.673807,-371216000,-13.56818948,-1.617249659,13706075072,30.64,0.694661875,-0.433945904,-0.352195873,0
27.32,11.54,6.518713,1.261781074,4.14,0,1911000000,0.107935066,-0.100036801,26918949723,133.05,0.249821536,0.199687424,0.181312098,-1
25.53,3.52,5.137961,0.360546056,1.21,1.2396694,375267000,-0.933726249,-0.3326935,6706992926,46.46,-0.523123518,0.703057679,-0.917080167,0
26.17,3.15,2.0803037,0.009253532,1.12,1.8291216,463066000,-0.799190148,0.121516455,5427884956,40.82,0.139516788,-0.469675597,-1.0843281,0
19.9,2.4,0.5516402,-0.432100679,1.99,1.4726508,709756000,-0.525902001,0.177924836,7978485059,55.31,-0.851713428,1.178315554,-0.779869756,0
32.48,5.26,6.0089035,0.836022386,1.56,0.785995,557800000,-0.680077242,-0.432857661,11273961835,80.87,-1.03841047,0.922578011,-0.506593774,0
9.5,3.4,1.0362948,-0.635091115,4.91,2.5827951,957000000,-0.334634865,1.345908597,5819080328,45.88,-2.672833786,1.670055031,-1.029322576,0
5.89,1.26,0.408193438,-1.007751595,1.9,6.323142972,9281000000,1.119262164,2.186832424,42414328338,12.8328,-0.64777634,0.042100079,0.540668521,0
25.05,7.17,5.1682673,0.661404525,2.46,0.39057052,1508300000,-0.043502954,-0.261801367,24916503061,69.14,0.086812257,0.2278062,0.120214665,0
20.27,3.76,1.8434572,-0.159254937,3.04,1.2618296,814500000,-0.437811996,0.110970037,9624169008,62.44,0.359959572,-0.299296017,-0.631648279,0
12.67,1.83,3.399101,-0.402139671,3,2.332657,2711300000,0.331787659,0.729367565,21759187973,38,0.566333975,-0.71977352,0.013121045,0
14.67,3.66,1.6538345,-0.37355777,1.24,1.1198208,5347000000,0.766376799,2.001160317,25853969330,17.16,-1.251369995,1.420277174,0.149406846,0
15.35,3.93,1.1289738,-0.386437306,1.69,2.8203557,1959000000,0.123810402,1.190919423,12684517721,31.17,-0.909534362,1.135307851,-0.413417291,0
21.23,3.14,5.319881,0.206451882,2.69,3.2339885,736798000,-0.501972968,-0.235600846,11840331607,61.13,0.329572621,0.230546258,-0.467852036,0
36.86,13.47,4.894499,1.56097585,2.31,0,234935000,-1.23342942,-0.862619898,10828314389,114.26,-0.123075563,-0.151829868,-0.538471403,-1
20.71,5.45,2.0481362,0.023114972,9.55,1.5631542,4618000000,0.672578025,-0.085146075,64180390701,206.05,0.69162015,-0.289614523,0.868058108,0
13.76,1.7,1.0887611,-0.634745108,-0.72,3.147541,-206000000,-13.56818948,-1.222358143,1.32249E+11,14.45,-1.761236586,-0.900450749,1.43950468,0
13.86,2.57,16.18455464,1.124932292,1.34,4.005462,1740540000,0.048144513,0.082779117,21018887283,21.62,0.215501269,-0.225958583,-0.01423813,0
17.53,7.26,2.0389178,0.072629353,2.77,3.5864594,3107600000,0.4190901,0.347625884,31098243069,53.99,0.584924397,-0.473056345,0.295382181,0
6.58,1.33,0.5633218,-0.961716675,6,3.5857513,23541000000,1.714903408,4.719805718,61536606173,40.75,-0.173808104,0.296500485,0.834809856,0
21.17,4.33,1.212236,-0.150980246,4.6,2.7198548,1201517000,-0.189024578,0.078843371,14554321748,96.31,0.28666701,0.009189044,-0.304733756,0
8.16,4.12,5.2087464,-0.152639607,9.95,2.754954,17590000000,1.528416073,1.318843297,1.08107E+11,78.22,0.057809532,0.093872142,1.280186151,0
27.86,4.73,5.775833,0.612273595,1.58,0.037622273,960345000,-0.332401978,-0.320220114,16920023264,100.59,-0.232523218,0.45425644,-0.185692961,0
12.44,1.25,2.309415,-0.580899944,8.61,1.1668612,0,-13.56818948,-1.198261177,96978500251,246.35,0.479142411,-0.115928409,1.194325415,0
9.92,1.65,0.72725976,-0.805888235,4.74,1.6731402,2044000000,0.150991626,2.637057698,8244568238,30.75,0.548687906,-0.554699043,-0.753940116,0
22.57,8.1,1.3995146,0.239636798,10.02,1.9700643,1279846000,-0.148609169,0.154202669,14639308205,258.6,-1.454345591,1.889802151,-0.300131873,0
38.86,4.74,2.1424224,0.570959312,-0.53,1.4489837,2910000000,0.377047441,-0.159951981,43356557470,47.41,-0.352794708,0.154511488,0.558034802,0
10.04,6.17,1.6339768,-0.31293966,1.41,2.7322404,926153000,-0.355601877,0.591277479,8006268615,19.57,0.23466779,-0.684389289,-0.777122147,0
13.7,4.31,1.66195,-0.348834153,2.98,3.0218647,1058817000,-0.269934116,0.809329374,8158949890,47.54,-0.019804846,-0.552677915,-0.762191114,0
26.38,5.88,2.9516637,0.347581905,4.43,1.4922442,1368000000,-0.105982615,-0.031666683,18140726600,149.84,-0.444067953,0.955066577,-0.130632831,0
14.34,1.15,1.3939538,-0.628837555,2.27,1.7901897,0,-13.56818948,-1.198261177,19926305632,53.34,0.615383202,-0.215216496,-0.05642981,0
20.57,5.82,3.2375681,0.182764957,4.34,2.2304833,1028425000,-0.288571612,0.051313002,12732072001,96.48,0.408356106,-0.432591768,-0.41045965,0
14.07,3.4,0.7251921,-0.519106081,5.94,1.4227642,8202000000,1.040170959,2.484987004,34449052800,95.97,-0.302880814,0.587876199,0.37626317,0
10.99,1.97,8.127109,0.081209037,1.33,6.323142972,1412684000,-0.085413852,0.794318827,10967755538,22.64,-0.216877729,-0.857106075,-0.528358137,0
-53.6096,1.62,3.7385862,-2.567143926,-1.2,4.1499925,483673000,-0.77132743,-0.179589733,7345243806,64.87,-1.123087192,1.362203942,-0.845231685,0
19.85,3.74,1.262194,-0.239570219,3.1,0,1033985000,-0.285121198,0.198380258,11452961984,70.85,-0.051190493,-0.481544812,-0.494143055,-1
-9.33,1.08,3.780475,-1.149225258,-6.8744,2.2670596,-371216000,-13.56818948,-1.607981092,14016129999,43,-0.262099255,-0.200764805,-0.334515082,0
11.57,1.06,1.4609766,-0.720404884,0.21,1.9280206,3683000000,0.527801415,1.099069371,24800859640,15.04,-1.492181962,-0.122424194,0.116537727,0
36.42,17.67,3.7628453,1.780918376,1.05,0.7315289,2815000000,0.355807253,0.461184691,26242415796,78.66,-0.562870307,0.838643154,0.161193875,0
19.21,4,4.80335,0.156143011,2.64,0,1561000000,-0.021525148,0.961429636,11181493750,38.8,0.467177419,-0.482820115,-0.513103237,-1
28.1,84.08,2.8964398,7.110572573,6.46,1.8610487,16513000000,1.487982889,-0.05466458,2.23379E+11,181.22,-0.359450432,0.491250984,1.853812136,0
20.68,5.71,2.8267899,0.131187316,2.08,1.9710299,8333000000,1.05031116,-0.071635331,1.14422E+11,146.02,0.140020515,0.081928799,1.325060684,0
20.39,3.49,2.5174792,-0.103387838,1.57,2.2907758,1422305000,-0.081070342,0.070754199,17338613096,32.21,0.615033452,-0.492264266,-0.166377151,0
11.23,2.02,3.5549128,-0.415940128,1.02,4.1131105,1547000000,-0.027290427,0.464292731,14394715334,18.75,0.76277285,-0.477469573,-0.313449277,0
12.07,0.8304,0.8954903,-0.786627717,1.49,2.6270628,3700000000,0.530748463,0.442039123,34895294088,19.92,-0.520356414,0.368560193,0.386435897,0
22.39,3.33,0.9256895,-0.228523736,4.06,0.6040015,0,-13.56818948,-1.198261177,36973617235,262.37,-0.475300926,0.749971245,0.432162174,0
15.41,1.72,3.5112102,-0.308772943,1,2.8132992,0,-13.56818948,-1.198261177,16766497291,15.1,0.07958868,0.163072605,-0.192897421,0
18.75,6.04,1.8924941,-0.008188283,12.15,1.2264713,1107000000,-0.241455812,0.413031556,10628247899,225.37,0.149461603,0.101611214,-0.553211472,0
53.57,196.21,7.97525,18.14083111,2.94,0,478307000,-0.778466794,-0.71849501,15422885020,169.28,0.02296014,0,-0.258919083,-1
26.19,2.24,5.0604,0.263790176,1,0,1018900000,-0.2945262,-0.321079623,17969275816,43.73,0.504572994,-0.193020686,-0.138138475,-1
23.62,10.99,3.9286149,0.804064027,4.86,1.9089574,3924000000,0.568363416,-0.114151862,55994378108,156.15,0.014272385,0.123907456,0.760211895,0
52.25,10.89,11.713953,2.60652408,4.92,0,1192000000,-0.194113622,-0.627273442,32295200000,209.54,-0.550986876,0.497425595,0.325233156,-1
-53.6096,10.25,16.18455464,-0.439864556,0.54,0,-81686000,-13.56818948,-1.267614113,18220961259,83.92,-1.218528563,-0.842571345,-0.127144712,-1
19.38,3.34,1.6147361,-0.250123829,5.07,1.9739007,1987100000,0.132924548,0.150858898,22785450609,87.6,0.679049412,-0.284255796,0.049547143,0
12.32,3.34,3.348876,-0.289658292,1.98,2.6548672,26247000000,1.784534254,0.721220128,2.11536E+11,42.75,-0.403112448,0.336597751,1.81075706,0
22.95,2.62,9.619987,0.697554459,2.37,5.4298644,3103000000,0.41814213,-0.038008101,41373051167,67,0.324871328,-0.0982138,0.521022128,0
10.67,7.7,1.817167,-0.140434516,6.11,3.8999026,16557000000,1.489685788,0.600027955,1.42433E+11,147.59,0.443920576,-0.581262162,1.498138346,0
15.57,4.99,1.0738261,-0.294341821,5.14,3.206751,3004000000,0.397392244,0.701178577,24465996443,56.05,0.285108861,-0.299684112,0.105793084,0
15.46,4.01,1.4712903,-0.337809611,1.49,3.3802817,1074900000,-0.260286748,0.810667707,8277363031,21.34,0.055547344,-0.152945169,-0.750802373,0
24.17,6.34,4.4208813,0.477891782,5.05,1.9341276,699963000,-0.534793204,-0.237449855,11270040447,138,0.268741731,-0.069708012,-0.506868742,0
40.52,33.5,9.633731,3.928895228,3.72,0.96720195,1654000000,0.015508247,-0.577719511,41233771565,152.75,-0.383693755,0.656146205,0.518356836,0
48.58,9.48,14.655261,2.692186402,5.67,0,1153700000,-0.215013093,-0.800467359,44866621303,381.87,-1.487069024,1.766943123,0.585094799,-1
11.87,1.62,2.6513786,-0.529833942,2.74,3.466826,1606200000,-0.003258334,0.625987292,13620847614,31.92,0.466263987,-0.473944682,-0.357126055,0
21.74,2.77,2.8477087,-0.083901624,0.76,0,1542000000,-0.029362108,-0.030432438,20426488713,95.23,-0.145881411,0.204533198,-0.03683458,-1
15.42,4.97,3.2898626,-0.054131963,0.46,6.323142972,1116140000,-0.236193796,0.636611982,9410249279,32.07,0.527199827,-0.82602739,-0.649414794,0
30.62,8.55,1.7697402,0.584862303,6.19,0.8139042,1007309000,-0.301847897,0.005490408,12945366350,114.81,-0.360194998,0.706522479,-0.39732827,0
19.45,2.01,1.2129636,-0.40673777,2.43,0.9089532,409832000,-0.877341279,-0.518468622,9326484316,62.82,-0.169728588,0.28573037,-0.656481941,0
15.35,1.88,2.496677,-0.410037959,5.1,2.6036885,1411300000,-0.086041108,0.405624116,13612394896,118.37,-0.09254154,-0.060414071,-0.357616703,0
17.31,4.74,4.6326222,0.138012514,0.39,2.5566885,22430000000,1.683965919,-0.215458733,3.53062E+11,126.36,0.457539154,-0.353746028,2.21563538,0
14,1.69,1.1415336,-0.621813306,1.71,2.7659574,4295000000,0.626175755,0.709812572,34822224800,36.55,0.574773431,-0.588148254,0.384779114,0
15.43,1.6,3.3714993,-0.333978191,6.3,1.9845841,0,-13.56818948,-1.198261177,3.86614E+11,107.88,-0.071508083,0.478960534,2.287387811,0
14.09,1.78,1.8543326,-0.531713984,0.78,1.5754234,1115500000,-0.236560846,0.663836732,9267350000,24.66,0.521405497,-0.693962321,-0.661509357,0
19.8,2.39,4.281897,-0.020696977,9.16,1.3445379,1295400000,-0.140878821,0.617420624,11037040988,103.53,0.041260924,0.268252824,-0.52338078,0
16.5,11.5,2.3173764,0.433646435,1.95,3.363962,1827000000,0.0791688,0.075860156,22182794875,65.98,0.483692474,-0.328835221,0.028360504,0
14.66,1.55,3.270451,-0.37490881,1.12,1.9876952,0,-13.56818948,-1.198261177,22589744920,20.08,0.21989302,0.120747398,0.04272909,0
17.93,151.66,2.1947837,12.49802717,6.41,3.5599859,4033000000,0.585897161,0.383256918,39449596000,111.69,0.790166887,-0.753654672,0.48339477,0
9.28,1.2,7.0508943,-0.161145279,0.8,6.323142972,701190000,-0.533672401,0.556837281,6180487499,14.01,-1.061734103,-0.919385836,-0.981697547,0
25.07,1.07,2.823936,-0.12270472,0.01,2.891845,5981000000,0.838083621,1.197988113,38612712234,16.8,0.182432259,-0.769622499,0.466446978,0
16.59,12.93,4.3395863,0.784638317,5.88,2.2988505,1506642000,-0.044206798,0.251344052,16078622033,98.54,0.038816601,-0.253345261,-0.226008633,0
16.01,2.04,0.8557757,-0.557348077,3.12,3.4965036,2286000000,0.22259783,2.147187402,10570861198,60.34,-1.543630044,2.084075736,-0.557490719,0
20.11,1.54,4.6780853,-0.0393035,2.81,3.3990483,7832000000,1.010631174,0.153700669,89618309338,71.58,0.253413296,-0.855095746,1.131940014,0
13.07,4.02,0.408193438,-0.534164869,2.05,1.7301039,5342000000,0.765778107,2.046183131,25471355847,27.57,-1.086617364,0.799083123,0.137622395,0
12.77,205.042,1.7060977,16.85564114,3.98,4.886988,2329000000,0.234523415,1.400885299,13862042842,47.77,-1.180589003,0.655328952,-0.343252423,0
23.14,3.12,1.4884604,-0.159133116,8.51,1.4444605,1137000000,-0.224344053,-0.114463976,16229343134,198.79,0.190778033,0.175507352,-0.218634001,0
17.79,2.71,2.2459624,-0.286292879,7.02,0,1861200000,0.091037263,0.468810628,17271388000,165.46,0.09667794,0.269201308,-0.169447608,-1
16.29,4.52,3.0405293,-0.091856702,9.22,1.1652974,2967218000,0.389508214,0.443022954,27967534829,162.23,-1.49086388,0.933079787,0.211516054,0
17.88,4.89,2.0302901,-0.120228076,2.76,3.1454785,447000000,-0.821787127,-0.052359109,6034600480,43.99,0.466788394,-0.635864367,-1.000578044,0
15.35,1.76,1.1468264,-0.570714567,3.38,0.26268265,1405319000,-0.088758903,0.289166511,14615967194,59.11,-0.786357119,0.612280287,-0.301393086,0
15.39,0.84,1.0410156,-0.660153527,0.33,1.5993602,2201336000,0.198446997,2.623628564,8910389431,23.86,0.635628861,-0.530351181,-0.692555591,0
17.34,5.73,3.754678,0.126175129,-0.2,2.9327424,3459800000,0.487794276,-0.564674222,84475986228,74.21,1.141557677,-0.909143638,1.085233884,0
9.49,1.04,1.201944,-0.81954217,9.24,1.6813145,0,-13.56818948,-1.198261177,17123031000,73.86,0.033077225,-0.007212039,-0.176266212,0
21.35,3.02,1.723609,-0.200525163,1.5,0,1065614000,-0.265839186,0.123717162,12469931896,38.86,-0.548782118,0.779272445,-0.426902866,-1
24.28,45.55,1.8781451,3.56391656,6.83,2.315954,7115000000,0.949188663,-0.076281437,98102120000,334.3,0.03125989,0.407096254,1.203430474,0
15.99,0.85,1.5809761,-0.579364417,1.93,4.5131636,0,-13.56818948,-1.198261177,16111166935,46.05,1.063513107,-0.734592043,-0.224410408,0
23.87,14.1,1.5653384,0.815983689,3.46,1.6413131,7858000000,1.012752078,0.267945844,82909678852,95.01,-0.436135925,0.565246117,1.070441297,0
10.35,5.86,1.3037612,-0.366117169,12.25,3.264714,6851000000,0.924992082,1.23499593,43556650000,105.79,-0.51170807,0.619746479,0.561674108,0
18.91,1.79,4.6277885,-0.063003467,8.69,1.6218846,0,-13.56818948,-1.198261177,27840827434,178.35,0.183010302,0.244397251,0.207927032,0
14.81,2.24,11.394877,0.594341197,3.43,4.9177604,503183000,-0.746021025,-0.279566608,8473119166,58.36,0.336190886,-0.341642331,-0.732327538,0
7.67,1.69,0.45503208,-0.906949036,1.98,6.098546,2446000000,0.265890186,3.819527399,7541063495,24,-1.484808585,0.712499399,-0.824436291,0
-32,3.4,4.6578755,-1.599618612,-2.65,1.2247398,2266000000,0.216974405,1.328215251,13875005314,15.68,-1.284282536,1.137627108,-0.342513668,0
16.06,2.43,0.42713487,-0.569975002,6.85,2.8268552,5978000000,0.837762553,1.725176724,31633740000,62.79,-0.473859672,0.493077549,0.308876508,0
32.73,11.02,2.9997249,1.003454994,2.67,0.9452879,2620000000,0.309867156,-0.402128252,50910130358,133.88,-1.042991983,1.482280659,0.684974949,0
20.23,5.85,2.9848945,0.145984157,2.87,1.8257059,3236000000,0.444999594,-0.001193227,41819440000,79.31,0.758526818,-0.243115819,0.529504281,0
30.38,3.03,4.416998,0.398041451,6.63,0.8042038,975223000,-0.322563791,-0.101594587,13756812736,208.42,0.609016483,-0.459723042,-0.349275371,0
22.12,11.93,2.308266,0.65479543,1.47,0.98383695,1179000000,-0.201131189,0.159943905,13428792315,40.7,-0.244105599,0.394540872,-0.368349982,0
34.99,26.93,15.020556,3.782763003,3.65,0.5926628,7113000000,0.949008753,-0.610145375,1.87102E+11,160.62,-0.844676371,1.278769146,1.713743357,0
-14.68,3.87,1.1863722,-1.375082716,-3.06,0,-203599000,-13.56818948,-1.737273077,5843402350,16,-1.742401806,0.224197288,-1.026025857,-1
23.91,5.2,2.7788277,0.188539038,3.73,2.0261056,815700000,-0.436869866,-0.260710453,13459353253,101.36,0.929976642,-0.32790065,-0.366553269,0
23.83,146.07,5.770237,12.61099564,6.36,2.437994,10515400000,1.199172671,0.033158658,1.32102E+11,158.97,-0.069319959,0.303316254,1.438621617,0
11.68,2.68,0.408193438,-0.695005379,22.74,0.8898776,7232000000,0.959626362,2.349515589,31534840262,150.23,0.341922451,-0.32983284,0.306401555,0
17.04,2.14,4.944542,-0.059315019,2.89,2.2618315,9204000000,1.113930728,0.0948919,1.10107E+11,78.38,1.070929919,-0.670066614,1.294676693,0
13.75,4.02,5.0893345,0.009739112,1.4,3.435934,8715000000,1.078994717,-0.312691467,1.52242E+11,54.73,0.771995874,-0.745146331,1.550775739,0
8.52,0.85,1.0496864,-0.884787449,0.63,3.4587116,0,-13.56818948,-1.198261177,48679364276,44.28,0.654500593,-0.855934484,0.649560061,0
35.56,31.69,8.372307,3.469506932,14.24,0,666706000,-0.565944481,-0.570160544,16420774443,597.3352,-0.372248043,0.435667141,-0.209365577,-1
29.65,3.09,2.2276719,0.135232913,1.92,1.2687428,2680385000,0.324448946,0.913691093,19633674337,33.5,-0.392988408,0.521729468,-0.068123332,0
14.29,5.4,3.1455927,-0.070542652,3.31,0,456600000,-0.808188918,-0.495692106,10053919023,60.03,-1.902655509,2.644383627,-0.597120012,-1
21.77,5.9,7.4475183,0.698185187,0.66,1.7512966,997492000,-0.30811521,-0.402558562,19393095636,79.9,-0.010124598,-0.237396415,-0.077868129,0
9.01,2.02,2.1912806,-0.64103025,4.36,0,12541000000,1.311906348,2.795589659,48576791974,40,-1.974283172,2.289989667,0.647892868,-1
25.76,9.49,7.1130967,1.10060818,2.97,1.8747908,34156880000,1.953102782,-0.17807765,5.17951E+11,85.01,-0.367146664,0.573224314,2.518541382,0
14.38,1.6,6.6291075,-0.005685348,2.86,4.19652,871483000,-0.394537905,0.15091188,9992628990,85.39,0.621261794,-0.901533784,-0.601953096,0
19.08,2.88,2.7977824,-0.167703979,12.48,0,1750393000,0.051756935,0.162646584,19897356456,256.57,0.212560562,0.075719968,-0.057578936,-1
17.66,1.34,1.2371694,-0.52055632,9.27,2.1533613,4708400000,0.684984213,4.677309883,12396862128,74.51,0.293438671,-0.897252907,-0.431547932,0
19.85,2.52,2.5708609,-0.198503011,1.91,1.9977299,4355000000,0.635053701,-0.174809824,65827817742,42.68,0.983839891,-0.46638049,0.888090434,0
21.53,7.96,3.589782,0.437338112,5.09,1.7938709,4217000000,0.614447173,0.030838696,53076824328,119.08,1.289480924,-0.368136772,0.717917278,0
42.17,9.56,14.152587,2.431759326,1.19,0,1229478000,-0.174302871,-0.675790195,36403831015,61.99,-0.948243981,1.250570598,0.419886911,-1
26.55,73.84,9.932974,6.964394116,1.35,1.114065,1238000000,-0.169882483,-0.563885751,30189978000,152.14,-0.535001452,0.915440664,0.271953917,0
14.23,1.33,2.2258842,-0.524334095,3.09,1.8331805,0,-13.56818948,-1.198261177,97535400000,51.79,-0.115113014,0.362312404,1.198851267,0
19.03,6.81,2.6092634,0.146985469,-1.08,2.0266979,1629000000,0.005761765,0.317465083,16626039679,98.74,0.093053417,0.304185747,-0.199546648,0
8.35,1.63,2.5358944,-0.657871757,0.93,0,3113300000,0.420262814,1.021328887,21698849265,39.25,-0.709130832,0.535884078,0.010926225,-1
17.78,2.25,3.2591083,-0.213240916,4.32,1.9671283,1212000000,-0.183465429,0.261495745,12844304115,75.21,0.688026017,-0.259621363,-0.403522938,0
-53.6096,0.91,2.5209634,-2.763733852,-6.4,0.5873715,353000000,-0.972871299,-0.776248319,12940096785,32.64,0.070525472,-0.455865256,-0.397650074,0
7.56,1.02,0.6986579,-0.940945304,1.01,4.5584044,0,-13.56818948,-1.198261177,4230379821,13.38,-0.225719313,-0.155859247,-1.28133953,0
26.1,5.46,3.6687026,0.3821803,1.81,1.3881658,1075000000,-0.260227216,-0.116638248,15375210915,55.85,-0.947526183,1.172908461,-0.261366071,0
200.0692,30.8,9.861594,8.981796643,1.25,0,809028000,-0.442125779,-1.089245308,1.14805E+11,250.1,-1.751911548,2.461319653,1.327703536,-1
9.72,1.01,1.2810479,-0.805723366,1.17,3.1228786,2021400000,0.143876542,0.967563609,14438346000,27.91,-2.13787235,-0.136227987,-0.311057206,0
13.12,4.51,4.703259,-0.011977336,-6.5,0,896000000,-0.376783329,1.235586524,5695123080,26.38,-1.153874946,-0.50033512,-1.046341321,-1
26.34,1.81,3.7076392,0.08112443,-1.18,0.8101539,1509000000,-0.043206027,-0.016246828,19749449484,36.61,0.335632081,-0.156763343,-0.063476263,0
43.47,0.85,1.5518167,0.323220111,-1.28,1.24533,679000000,-0.554251494,-0.075658717,9356906461,15.65,-0.084049894,0.408497411,-0.653907949,0
44.03,0.86,1.5718216,0.344766546,-1.28,1.2269939,679000000,-0.554251494,-0.092187833,9496735699,15.85,-0.054959584,0.324041516,-0.642183744,0
21.65,2.75,4.091698,0.049997945,11.39,2.6537917,9018000000,1.10086594,0.804402041,69661177770,145.29,0.575540097,-0.137185533,0.932827163,0
18.73,3.02,2.7288198,-0.174906564,1.39,3.6208732,1836000000,0.082313483,0.924888925,13377670080,33.9,0.342884967,-0.866597415,-0.371364678,0
24.9,8.91,3.0549932,0.570393079,2.51,1.2189548,5162000000,0.743843458,-0.450380361,1.06776E+11,62.49,0.210759537,0.152051448,1.27039668,0
19.57,1.82,2.2361343,-0.305107824,1.02,3.3780859,1448600000,-0.069347393,1.683441043,7776566371,22.51,0.670823996,-0.721000708,-0.800130398,0
105.96,1.44,4.6976447,2.784195643,-2.32,1.4771049,-371216000,-13.56818948,-1.634061878,13177325251,25.43,-0.977956234,-0.395937492,-0.383291174,0
15.04,9.1,0.74603415,0.004460562,2.02,3.0020285,1448000000,-0.069612507,1.529341835,8212509855,47.23,0.065609309,0.187068601,-0.757019488,0
20.65,3.09,3.8525908,0.019582096,18.73,2.018503,4737000000,0.688859621,0.609204847,40543547441,136.89,-0.07397432,0.199457688,0.505014241,0
19.96,2.44,4.031728,-0.039000345,4.92,1.6678249,0,-13.56818948,-1.198261177,22908130223,96.2,0.463680129,-0.19139166,0.053791295,0
24.4,7.96,2.209576,0.378185101,11.47,1.3030859,3884000000,0.561806579,-0.176097821,58782413951,324.01,-0.317620522,0.78489758,0.798618192,0
15.35,2.35,3.2066104,-0.29060655,2.78,0,1529401000,-0.034612266,0.595296926,13191507318,56.01,0.464998548,-0.044773742,-0.382440974,-1
17.78,6.73,0.9933021,-0.081107142,-2.23,1.4195584,1774000000,0.060329945,2.219365533,8030036023,24,-1.708525586,1.826785017,-0.774779264,0
17.01,2.34,0.99837583,-0.482747701,4.1,2.415766,2648729000,0.316846094,0.850182416,20003317128,60.38,0.223374672,-0.142982708,-0.053380977,0
82.08,20.39,16.18455464,4.903305848,2.57,0.26223776,3098000000,0.417110132,-0.852607428,1.38653E+11,217.52,-2.540803835,4.400017756,1.476877763,0
21.91,34.12,3.1934319,2.65120332,10.73,0,1965187000,0.125828309,0.220122025,21433781860,252.22,-0.7706632,1.158754108,0.001211543,-1
195.63,3.4,6.044895,6.058346356,-0.75,4.4081864,5205000000,0.749152159,0.30771394,53467692395,68.47,0.218436562,-0.027241617,0.723716553,0
15.27,6.66,1.5327156,-0.10976195,4.79,3.1838684,2366000000,0.244610031,0.908011757,17377551986,75.91,0.382306427,-0.169194256,-0.164604085,0
34,4.03,2.6159565,0.402565904,1.66,5.4436197,1851783000,0.08779117,0.104556179,21988472489,54.4,0.499832353,-0.20220081,0.021406122,0
18.81,3.56,5.2561646,0.155633926,2.2,1.5551463,16545000000,1.48922181,0.066924735,2.02302E+11,46.84,0.379168478,-0.13428916,1.775480397,0
15.72,3.07,1.28693,-0.43046395,4.75,1.455816,3619200000,0.516618671,1.119913384,24152102921,66.98,0.569727126,-0.496922661,0.095586906,0
18.57,5.54,1.741522,-0.073858745,7.07,2.1514556,1214900000,-0.181936044,0.502395665,11051273948,111.95,-0.236507667,0.250834072,-0.522362176,0
21.6,4.39,1.8652664,-0.058906838,7.24,1.4401833,2092089000,0.165873095,0.126975135,24421668509,174.51,-0.169543976,-0.013643546,0.104359738,0
14.05,2.34,0.7872792,-0.603835832,1.79,3.0723782,359644000,-0.960938565,0.116909025,4230379821,32.88,-0.32008001,-0.725842695,-1.28133953,0
27.49,11.77,7.248487,1.36842568,2.26,3.0892801,1414900000,-0.084410798,-0.256972565,23253666810,61.86,0.288948526,-0.253774819,0.065624222,0
49.53,5.81,6.935696,1.548504477,1.47,0,2932000000,0.381867291,-0.698218723,90708000000,72.32,-1.906092448,2.472351536,1.141492626,-1
18.89,2.48,2.5191512,-0.239341875,3.63,2.03933,863700000,-0.40027874,-0.126491967,12466660892,66.67,0.513914617,-0.190595828,-0.427110222,0
18.02,1.17,3.9272704,-0.223598911,0.97,3.59375,0,-13.56818948,-1.198261177,6527616000,18.56,0.692189449,-0.16749366,-0.938506842,0
21.51,3.4,3.6705062,0.054255415,4.36,2.8370044,12843000000,1.327134169,0.032618914,1.61413E+11,110.15,1.183892802,-0.619719681,1.597013456,0
24.68,3.25,3.7116463,0.150456802,2.64,0.3695394,445658000,-0.823711274,-0.372771159,8351767268,72.06,-0.643688686,0.672914626,-0.743729371,0
19.45,2.03,3.3850067,-0.16305089,-6.8744,0.73126143,0,-13.56818948,-1.198261177,12326379902,84.44,-0.321862339,0.497315229,-0.436054523,0
12.69,3.4,4.0020885,-0.199542399,3.51,3.8879359,20569000000,1.628537845,0.32784264,2.08506E+11,33.63,0.774759298,-0.576862493,1.799352034,0
8.75,1.09,1.5730644,-0.798299618,2.78,0,6471000000,0.888474469,3.730781122,20309412381,38.24,-1.317797123,-0.850778122,-0.041377821,-1
22.36,205.042,2.7574685,17.2888846,4.48,4.328479,11802000000,1.27303996,-0.009464588,1.53581E+11,100.39,0.610789357,-0.671622262,1.557697761,0
21.11,2.12,0.47499472,-0.424787821,9.93,2.928564,5311000000,0.762053664,0.513557535,47996220000,92.44,-0.044060697,0.108153867,0.638389484,0
16.06,1.65,2.9931207,-0.3510716,3.95,3.698776,1614399000,0,1.775757472,8397609889,74.34,0.734813482,-0.79936144,-0.739402793,0
118.29,2.76,6.7890477,3.536925166,-3.39,0.1816118,1717000000,0.039430537,-0.312366729,29983119693,169.16,-0.604980657,0.588064107,0.266519599,0
17.55,1.53,4.04653,-0.194904634,10.4,1.9354838,0,-13.56818948,-1.198261177,73315000000,149.38,0.120160619,0.375847747,0.973233644,0
17.74,2.44,1.3948758,-0.405929837,-1.19,1.8570102,506100000,-0.742321934,-0.303830773,8753430477,101.32,-1.18911973,1.342254836,-0.706602657,0
18.73,4.83,1.9551051,-0.105735206,6.31,1.5771489,2585000000,0.301260703,0.17863923,29043337549,110.3,0.872998598,-0.390285666,0.241349212,0
12.83,1.95,3.7497053,-0.347507054,2.79,5.2196894,3937000000,0.570480004,1.724276118,20839814845,29.52,0.171263294,-0.784698787,-0.021000803,0
24.63,6.88,3.887915,0.480033292,4.32,2.1998534,3632000000,0.518877955,0.109970564,42948664203,144.07,-0.100094277,0.176141381,0.550563687,0
24.26,6.92,9.176564,1.060436882,23.6712,0,4803487000,0.697779184,-0.38894187,91817448863,597.3352,-0.372248043,0.435667141,1.151101267,-1
11.96,1.53,1.7167546,-0.638711629,4.5,3.1914895,0,-13.56818948,-1.198261177,18457199721,60.38,0.590571458,-0.729207624,-0.116962977,0
20.46,3.85,3.1595004,0.001343386,5.6,3.3704789,17249000000,1.515888326,0.095080643,2.06319E+11,80.22,1.11230598,-0.822472367,1.791019417,0
20.76,3.25,1.1458876,-0.264590425,2.73,2.1061797,0,-13.56818948,-1.198261177,31062780000,51.07,-0.568688178,0.74239561,0.294480338,0
20.76,2.11,14.380373,1.111904848,3.06,2.931379,2969194000,0.389934237,0.239250972,31953288000,58.33,0.128149603,-0.023340114,0.316820595,0
9.99,0.93,1.083727,-0.825672174,9.73,2.6985698,0,-13.56818948,-1.198261177,47136080000,103.38,0.512476661,-0.600032378,0.624096408,0
16.11,1.88,3.4491453,-0.278878851,1.75,3.60587,3613000000,0.515521456,1.117289426,24138050331,46.73,0.608737966,-0.334701611,0.095126893,0
18.21,6.56,16.16417,1.608541227,6.81,4.316159,1924803000,0.1125407,-0.275200855,32258539942,180.49,0.585535407,-0.838352772,0.324335429,0
12.86,1.99,1.0341544,-0.645602725,1.44,1.2036108,992811000,-0.311125378,0.548522532,8792572352,28.67,-0.838722957,0.64105922,-0.703076214,0
20.98,2.14,1.7617522,-0.284008845,6.77,0.100529455,1057500000,-0.270730597,0.226949201,11478625926,142.68,-1.33432609,1.969249444,-0.492373915,0
19.71,1.98,3.389142,-0.158311582,-0.13,0,806875000,-0.443831074,0.065400429,9877885146,76.85,0.240839539,0.090869539,-0.611081563,-1
16.51,3.82,4.263658,-0.008431502,1.65,3.5055351,4191000000,0.610489386,-0.52488566,96282828902,62.42,0.010973745,0.293782389,1.188635134,0
17.54,1.43,0.77893436,-0.567834943,1.28,0,649404000,-0.582771204,0.686540077,5330131216,33.51,0.385891858,-0.387283747,-1.098692446,-1
17.07,2.82,1.7709883,-0.353497542,5.5,1.9884669,1453000000,-0.06740657,0.457160805,13578300000,96.42,0.730672281,-0.543284631,-0.359598878,0
35.61,0.8304,1.9624339,0.108189366,-2.79,0.6097561,820095000,-0.433431109,1.800717,4230379821,12.8328,-2.613594827,-0.786037383,-1.28133953,0
16.94,2.34,1.9734555,-0.376429222,4.12,1.0982976,0,-13.56818948,-1.198261177,13216271700,86.06,0.120021492,0.009926437,-0.380958563,0
25.78,5.28,2.2938328,0.203018015,6.95,1.5612764,3868000000,0.559164918,-0.185200341,59066255840,198.74,-0.094497581,0.570946291,0.802425564,0
15.54,1.92,15.588069,1.058066992,1.12,5.372036,1075568000,-0.259889178,0.008778145,13784942453,47.56,0.503433976,-0.939205219,-0.347660839,0
79.9,15.69,8.202077,3.5387476,1.68,0,541809000,-0.698691183,-0.830639323,22799923883,124.65,-0.996783533,1.564094669,0.050049039,-1
15.27,1.51,13.762162,0.810563899,1.43,3.6850338,487636000,-0.766105399,-0.433053604,9858367494,55.58,0.642599613,-0.90608775,-0.612644839,0
27.93,5.89,8.48541,1.016004379,7.74,0,2043160000,0.150728582,-0.319061489,35950369241,322.62,-0.91996017,-0.788849486,0.40997961,-1
17.9,1.32,3.474771,-0.265088358,1,1.8987342,0,-13.56818948,-1.198261177,21500640000,17.9,-0.404877444,0.704401777,0.003673167,0
26.13,2.83,2.8841186,0.07001385,1.77,2.1362228,2734000000,0.337123181,0.76065652,21590903863,62.72,0.977492979,-0.461660788,0.006984442,0
31.54,6.61,6.1640687,0.93820238,2.41,1.5120423,636942000,-0.595170982,-0.453684133,13233622689,89.26,-0.510698123,0.519435493,-0.379921577,0
20.18,5.98,1.3330402,-0.028525236,2.32,1.7075773,565196000,-0.671647867,0.04245691,7047165475,52.26,0.028657966,0.056483578,-0.877975685,0
26.48,10.94,3.760594,0.875329493,6.35,1.7692552,1323200000,-0.127290608,-0.349708551,24123216432,178.73,-0.030980704,0.026874139,0.094641013,0
22.29,3.46,3.781273,0.097456698,4.8,0.9748892,1696000000,0.031555387,-0.016300477,22197870556,133.31,-0.479008448,1.135293215,0.028897481,0
27.57,4.23,5.9715905,0.581603566,9.38,0.61985797,1555209000,-0.023903619,-0.315291104,27247789759,259.4,-0.364194336,0.621554166,0.190908977,0
26.52,10.28,2.9734495,0.732306128,2.83,0.82061803,2247009000,0.211588551,-0.031921419,29803566306,75.06,-0.690423342,0.880598429,0.261772119,0
16.26,2.56,3.1026611,-0.254164319,7.53,1.8674136,2876309000,0.369595188,0.424617057,27418147452,122.45,-0.127371849,0.436402173,0.195835257,0
27.38,50.56,10.254704,5.029312009,7.95,1.0947506,3021000000,0.401003543,-0.195068687,46585950000,173.31,-0.25473825,0.759557227,0.614817405,0
200.0692,8.81,10.3738785,7.151312727,0.27,0,925804000,-0.35584307,-1.018083952,79489115000,104.03,-0.073866713,0.417650372,1.037140712,-1
199.81,91.04,15.189207,14.73757476,0.62,0,1074240000,-0.2606798,-0.349170797,19572031314,159.85,-0.960901203,1.385113658,-0.070608797,-1
8.75,0.92,1.651705,-0.804131164,4.16,6.323142972,1459000000,-0.064769444,3.117802794,5229448882,35.6,-1.647196296,-0.795162725,-1.113765197,0
44.93,2.64,3.2297828,0.711923594,-1.08,2.8673835,3222000000,0.44222499,-0.681898514,96529311126,67.4,0.259902893,-0.403330743,1.190655938,0
16.04,4.22,4.374079,0.022711613,5.18,1.3761468,1351059000,-0.113956986,0.646690304,11328642413,86.46,0.198408344,0.525030017,-0.502769507,0
11.51,13.33,1.3048558,0.313443922,2.58,5.085772,1811000000,0.07353981,0.786834884,14113197720,47.44,-1.279744856,1.409644349,-0.329060143,0
21.31,10.55,2.4700067,0.527658441,2.46,1.4427412,969700000,-0.326198287,0.676434143,8001938397,42.62,0.862149584,-0.690431471,-0.777549749,0
19.14,1.98,3.15303,-0.203404064,5.45,3.1607263,3763000000,0.541553041,1.026691959,26163862235,103.36,0.893572278,-0.71822983,0.158824381,0
26.75,13.42,2.5276077,0.959747864,18.61,0.8426688,2160668000,0.186513995,-0.312374262,37730994828,387.65,-0.084097341,0.324714754,0.448189188,0
6.65,1.38,0.7564699,-0.933600293,7.03,2.4730754,852700000,-0.408481321,1.919949142,4230379821,49.38,-0.892014293,-0.538250452,-1.28133953,0
13.56,13.24,8.754495,1.203198856,6.25,5.0368075,4411515000,0.643304826,0.21939732,48139839531,152.18,0.760955882,-0.773579501,0.640751051,0
16.45,4.25,6.9704437,0.328042151,5.41,1.2629502,1122900000,-0.232329623,-0.258926587,18493080922,99.04,0.509532203,-0.446254021,-0.115427928,0
14.07,1.32,6.5820084,-0.045185258,0.88,3.4998922,795889000,-0.452604055,0.230464702,8617714345,90.61,0.676490097,-0.85487633,-0.718953158,0
15.81,3.21,3.5114813,-0.167660416,9.2,1.968433,982200000,-0.318001781,0.401317549,9499107736,156.72,0.429502572,-0.369675087,-0.641986349,0
15.78,1.82,2.5080602,-0.399745819,2.53,5.3530226,6012000000,0.841391923,0.939927044,43497224128,43.4,0.723444337,-0.75510456,0.560595011,0
15.89,3.84,1.6294897,-0.320603898,5.82,0.863707,4533000000,0.660689355,0.843157868,34351211637,55.63,0.29998577,-0.348790086,0.374015128,0
20.57,3.34,1.944325,-0.174180546,8.05,1.5775635,2264600000,0.216578908,0.231876171,24496399600,152.86,-0.150507424,0.23849517,0.106774671,0
25.98,13.36,3.4392443,1.030774091,1.97,2.203452,7361500000,0.970984107,0.289439066,76548976000,53.77,0.832578004,-0.736519002,1.007351339,0
15.35,1.95,3.263072,-0.318651371,5.23,1.6228749,0,-13.56818948,-1.198261177,38059113300,98.54,-0.3621014,0.428780007,0.45503293,0
16.26,2.15,2.2607324,-0.383150066,2.08,0,305085000,-1.066224472,-0.43930009,6218560288,70.55,-0.068471903,-0.211036892,-0.97684354,-1
23.46,5.54,4.635566,0.409734604,2.68,1.2234008,2863000000,0.366627236,-0.428114751,57509096756,148.01,0.102130258,0.038113181,0.781308925,0
16.25,1.38,3.3089445,-0.332801095,4.48,2.3185046,0,-13.56818948,-1.198261177,32498948310,65.8,0.128565782,0.254730461,0.330204026,0
39.37,3.36,3.5516493,0.62630652,-0.17,1.1286682,1227000000,-0.175593968,-0.04928784,16520497264,25.59,0.356219032,-0.838078915,-0.204580067,0
13.35,1.97,2.1096623,-0.511353591,2.41,1.6,0,-13.56818948,-1.198261177,28893750000,34.98,-0.50297598,0.574029388,0.237267781,0
67.72,3.98,6.276264,1.917564237,0.87,0,579844000,-0.655273982,-0.495660598,12767067883,82.62,-0.170801387,0.2938792,-0.408290126,-1
22.98,13.4,0.7295535,0.633452288,2.08,2.4644873,2988725000,0.394129912,0.320375573,30445320778,57,0.435486234,-0.150028934,0.278610837,0
19.92,4.61,7.3911157,0.520190012,4.75,2.140443,2281400000,0.221308811,0.169113021,25810865035,101.99,-1.174025809,1.323254638,0.148087987,0
19.45,4.35,4.0785494,0.11335283,2.09,0,0,-13.56818948,-1.198261177,14247199374,48.85,0.147922165,0.519360425,-0.321590948,-1
14.19,3.45,0.8047394,-0.501996898,4.71,3.3856654,7105000000,0.948288604,1.562236337,39816696539,71.11,-0.690009487,1.060069423,0.490715802,0
19.72,3.6,2.5734365,-0.109797465,4.71,1.6062645,2797000000,0.351702125,0.038584876,34983666316,95.27,-0.315679751,0.491121552,0.388435033,0
18.77,1.06,1.561575,-0.471861869,0,1.7060367,540167833.4,-0.70063254,-0.608250338,14163064455,29.1,-0.030434923,-0.070862762,-0.326272339,0
24.05,9.32,6.9572234,1.012283961,3.6,2.4318495,7013000000,0.939948122,-0.116195309,1.00263E+11,97.66,-0.689095438,0.434339478,1.220647617,0
22.13,2.57,1.0645695,-0.286858731,1.14,0.1381454,1454000000,-0.066966294,0.276256643,15254672353,55.54,0.148418395,0.124029466,-0.267587005,0
14.76,1.49,3.3834257,-0.364177071,3.73,1.7347307,0,-13.56818948,-1.198261177,56083904906,53.29,0.445248736,-0.069671415,0.761474608,0
23.44,21.62,2.798683,1.584700119,5.33,2.6286967,1295000000,-0.141076456,0.012927469,16540418002,127.76,0.946839046,-0.708280911,-0.20362757,0
22.96,3.57,6.8538465,0.471275315,7.52,0.026033757,615700000,-0.616877014,-0.355202708,11297958140,223.17,0.194419389,-0.042424494,-0.504913235,0
20.51,25.64,2.8396711,1.837748001,3.66,2.6494346,1404123000,-0.089303759,-0.157315708,20867272020,97.65,1.131836682,-0.877978428,-0.019960119,0
23.66,0.94,1.8161958,-0.292606211,0.85,0.3960396,1165100000,-0.208720706,0.654734817,9726962131,24.13,-1.141349298,0.207761886,-0.623251079,0
16.48,1.63,1.33382,-0.523793297,7.31,2.0261714,0,-13.56818948,-1.198261177,38903131815,135.01,0.400510594,-0.068852505,0.472369548,0
17.78,3.82,3.9635563,0,5.7,1.6036655,12544000000,1.312059414,0.031356259,1.57817E+11,101.35,0.974609387,-0.610838345,1.579205828,0
21.84,3.38,4.015666,0.101868107,5.6,0.3276319,4751300000,0.690788559,-0.315102228,83226586345,198.73,-0.274079347,0.432653569,1.073456672,0
27,3.97,4.516748,0.378424364,3.55,1.9402406,949500000,-0.339669837,-0.051648149,12810515320,99.62,-0.042685893,0.303404844,-0.405604919,0
15.35,2.73,2.3735986,-0.350787784,6.62,1.6927768,7671000000,0.997338996,0.401369416,74185800000,93.02,0.958621428,-0.490433325,0.982566226,0
21.01,10.35,1.9293598,0.44037286,3.46,1.64042,4600216000,0.67010884,0.278760447,48181450881,74.36,0.872475324,-0.343750759,0.641433959,0
17.02,1.88,3.1079664,-0.286890242,4.5,0.7204611,0,-13.56818948,-1.198261177,9614412169,80.52,0.636466975,-0.441937854,-0.632449974,0
25.85,6.57,3.175548,0.41427997,3.16,0.6091133,1097534000,-0.246951509,-0.116462319,15694951118,81.17,-1.08577334,1.582458011,-0.245097785,0
19.57,6.01,1.1642125,-0.064865533,3.3,1.6030874,859519000,-0.403384093,0.373588593,8459271203,65.94,-0.799042394,0.481993789,-0.733620365,0
23.76,3.4,4.268832,0.195077705,7.92,0,1635916000,0.008472918,0.462205769,15241203731,283,-0.557319044,0.754176508,-0.268285165,-1
58.04,3.49,4.5925775,1.3688527,0.81,0,234000000,-1.235981356,-0.563290846,5700998508,40.05,-1.189246428,0.625924042,-1.045526326,-1
17.81,4.11,2.1080317,-0.180827717,1.59,0.9983361,5280000000,0.758307418,0.656988633,44027094922,34.56,-0.556783804,0.769733421,0.570165173,0
17.57,4.04,3.1654842,-0.076945086,1.59,1.0084034,5280000000,0.758307418,0.036801532,66135313503,34.09,-0.586466853,0.809972704,0.891773929,0
13.92,2.55,0.93730986,-0.573381589,4.79,1.6353229,2521000000,0.285217455,0.248448223,26957526800,73.92,-0.228184847,0.360266303,0.182443984,0
15.35,2.09,3.7773547,-0.249342037,3.52,2.189781,0,-13.56818948,-1.198261177,90940115897,52.65,1.117460817,-0.572809239,1.143512606,0
17.79,3.27,12.365829,0.889150082,1.08,3.668639,665141000,-0.567448422,-0.061298437,9050154422,32.92,0.893022137,-0.876183217,-0.680254025,0
32.07,8.04,3.3779113,0.768035968,6.52,0,1002093000,-0.305170222,-0.032673663,13300000127,209.09,-0.847863972,-0.371356966,-0.375967022,-1
32.05,2.72,1.602308,0.112918461,0.45,0,399277000,-0.894038578,-0.143646086,5856913571,13.14,-1.721445169,-0.207804216,-1.024200407,-1
29.15,2.5,1.4738787,-0.015866674,0.45,0,399277000,-0.894038578,-0.047298534,5366628950,12.8328,-1.730747456,0.042100079,-1.093298731,-1
22.06,3.4,4.8605075,0.204953892,13.52,2.062655,10169000000,1.177736563,0.351425308,1.01513E+11,124.86,0.01369746,0.12924115,1.23044668,0
8.85,2.09,0.5020496,-0.828479668,7.05,0,5929000000,0.832495514,3.538658073,19363059152,63.37,-0.190482797,-0.334847383,-0.079093256,-1
21.47,4.71,1.0903316,-0.122053622,10.71,1.3284917,17454000000,1.523449031,0.035602177,2.18835E+11,216.46,-0.635236587,0.730009171,1.837568719,0
18.27,64.7,1.4744618,4.964612322,5.62,2.9666696,7919000000,1.017700628,0.0720732,96436356833,109.28,0.383649197,-0.543409458,1.189894452,0
16.33,4.53,2.1782618,-0.185738201,15.72,0,2760000000,0.343180191,1.715226081,14654954091,161.99,-1.355956948,1.651942066,-0.299287586,-1
19.26,3.4,1.7324123,-0.235819842,5.7,2.1216943,10584000000,1.203333941,0.35537802,1.05387E+11,127.48,0.504265936,-0.052386484,1.260048568,0
15.36,2.21,1.3158662,-0.51292694,7.14,0.34153005,1676204000,0.024041944,1.134465717,11116075286,114.87,0.23220196,0.008669185,-0.517741088,0
11.51,1.19,0.9984924,-0.762745595,4.38,1.8189007,0,-13.56818948,-1.198261177,11256432318,47.87,0.289569802,-0.425128361,-0.507823686,0
25.9,7.89,3.7110944,0.588893837,2.55,2.2865665,1624441000,0.003968282,-0.407951178,31797645904,78.75,-0.987119853,1.769948858,0.312961245,0
18.74,1.93,0.4211918,-0.525213737,9.24,3.5618877,5401000000,0.772807231,0.927106769,39312309113,86.77,-0.767297086,0.919149447,0.480639361,0
29.93,7.32,3.9652252,0.701119819,2.69,0,500600000,-0.749314512,-0.474004165,10692681720,112.82,-0.850787017,1.007443684,-0.54843418,-1
12.21,1.76,7.0740495,-0.013914451,1.86,5.965641,1935931000,0.116229787,0.389183389,18865999082,50.92,0.087647208,-0.897658171,-0.099648019,0
29.5,10.82,12.401829,1.927230036,3.43,0,767864000,-0.475544105,-0.093767972,10754983829,105.62,-0.145340033,0.396511781,-0.543842235,-1
28.84,9.34,9.935474,1.503678504,3.45,0,1011200000,-0.299380714,-0.195149754,15594677147,92.28,0.371479146,0.068769155,-0.250163748,-1
13.08,7.96,1.6452544,-0.057826663,7.36,4.626544,34156880000,1.953102782,1.341019657,2.08092E+11,49.04,0.603663953,-0.235611434,1.797783895,0
200.0692,21.91,16.18455464,8.923097616,1.04,0,97562000,-1.795823467,-1.159924846,39369386348,151.6,-1.749619533,2.410524687,0.481786093,-1
8.68,2.08,1.0924768,-0.769166983,4.68,2.622091,5600000000,0.795961905,6.973757816,10601008017,32.71,-1.817910734,1.115829074,-0.555239824,0
32.72,9.4,14.433654,2.137833185,2.8,0.70204765,13086000000,1.339129262,-0.448592487,2.70039E+11,113.86,-0.281254267,0.560021745,2.003747294,0
16.22,3.63,7.1491003,0.287144419,4.33,3.744428,0,-13.56818948,-1.198261177,12778779911,66.18,-0.89594274,-0.818097349,-0.407565382,0
40.9,3.54,5.7576876,0.937948372,3.1,0.7797879,970976000,-0.32535676,-0.312810078,16964162228,121.47,0.526171391,-0.361199239,-0.183633763,0
23.1,3.89,0.82099426,-0.168714359,4.39,1.983471,30721000000,1.885257721,0.36157352,3.04681E+11,100.02,-0.759445734,1.18580979,2.099147441,0
13.38,3.06,0.5904388,-0.586047141,3.78,2.2368238,7083000000,0.946304008,0.348021954,70862541911,68.22,0.161308245,-0.54816664,0.946341923,0
25.36,6.73,3.2787669,0.423360632,2.66,2.0800195,3896000000,0.563780694,0.500060571,35488486675,79.12,0.553729076,-0.268943162,0.399759023,0
26.64,6.15,6.9824114,0.828362061,0.19,0,773932000,-0.47050688,-0.452953684,16064078572,191.79,-0.330172796,0.449182365,-0.226723883,-1
19.57,2.1,2.4834197,-0.253525381,3.79,3.691948,2736500000,0.337708083,1.042755919,18890296993,59.5,0.812255284,-0.62244756,-0.098630711,0
13.58,1.58,2.8728192,-0.452231138,4.07,2.7111576,0,-13.56818948,-1.198261177,2.81464E+11,55.4,0.301341476,-0.32255659,2.036499444,0
12.74,1.49,6.725218,-0.058480396,2.81,6.1538463,1908253000,0.107014509,0.211259606,20943679019,54.67,0.020293343,-0.874171673,-0.017071327,0
10.19,2,1.245503,-0.709211833,1.29,2.389201,5169000000,0.744710672,2.031267697,24760297793,80.09,0.319454791,-0.332291108,0.115243981,0
10.17,12.65,2.22677,0.313607104,0.51,3.5915854,694600000,-0.539715211,0.002128267,8951609207,18.81,0.969962296,-0.735679888,-0.688907639,0
23.26,1.58,1.075785,-0.333339245,2.77,2.6699784,2262300000,0.215928633,0.931411405,16433340688,60.93,-0.131198515,0.138010951,-0.208760948,0
34.29,2.9,3.6396794,0.429174448,0.77,3.7079954,1365000000,-0.107387537,-0.388279565,26070297960,33.6,0.882182394,-0.480393081,0.155992802,0
11.77,2.57,0.58064795,-0.682268943,4.51,2.5652986,1842000000,0.084401386,1.14168039,12177920000,164.95,0.610389863,-0.671056569,-0.445631863,0
48.41,3.01,4.2982845,0.97742904,-0.57,4,3955000000,0.573399155,1.268580888,24802396470,28.56,0.722229819,-0.564513355,0.116586704,0
18.67,2.1,3.4484663,-0.17568419,3.07,1.347058,1440000000,-0.073157899,-0.126248742,20780269334,152.36,0.21883971,0.231058291,-0.02326242,0
18.77,18.91,2.7332082,1.190849224,5.53,1.9541779,1232000000,-0.172991518,0.390801825,11993835688,113.56,-0.618974934,0.86963726,-0.457670843,0
31.7,51.69,2.478658,4.402441614,7.27,1.1279043,1501301000,-0.046479402,0.076060867,18225400525,169.28,-1.964119673,2.533656847,-0.126952168,0
18.14,1.94,2.520456,-0.310270959,2.21,3.3914273,3885828000,0.562107696,1.58998514,21559611927,42.44,0.656804573,-0.702087415,0.005838087,0
8.87,1.49,0.7877656,-0.847493183,0.59,3.207184,1191000000,-0.194650711,1.12257016,7938833340,29.8,0.056597421,-0.346136817,-0.783807666,0
27.19,7.22,7.101206,0.951571358,2.32,2.0904882,845468000,-0.413932002,-0.431817921,17064975551,62.82,0.055289482,-0.249459218,-0.178950582,0
-19.93,0.97,0.84394187,-1.835214791,-2.24,2.0952382,0,-13.56818948,-1.198261177,10753423590,41.26,0.076171645,0.073485197,-0.543956906,0
30.94,5.31,2.7262094,0.423851681,1.83,1.1700794,722000000,-0.514956509,-0.333431501,12915021000,70.24,-0.74469078,1.200622885,-0.39918321,0
27.25,205.042,6.3136363,17.84623993,4.07,1.7970798,2289000000,0.223437098,0.113085151,27003303098,76.3,0.143748857,0.041791035,0.183785003,0
14.32,2.39,3.1648953,-0.325772478,9.01,0.7948336,2007400000,0.139428955,0.071611319,24454698119,115.53,0.830836867,-0.551838615,0.105427999,0
17.73,1.42,3.7945793,-0.226481124,2.6,1.480933,0,-13.56818948,-1.198261177,10670678640,50.71,-0.107496731,0.471029846,-0.550062301,0
32.8,18.09,9.280896,2.31236492,1.65,0.68237203,1734000000,0.045735432,-0.452941893,35991109776,71.51,-0.438873854,0.697362642,0.410874811,0
